FEN,Evaluation,MinMaxSimple Depth Limit,MinMaxAlphaBeta Depth Limit,MinMaxSimple Time,MinMaxAlphaBeta Time,Total Nodes
k/p/P/K,0,0,0,4.46e-05,6.3e-06,0
k/p/1/P/K,-1,1,1,2.25e-05,6.5e-06,1
k/p/1/1/P/K,-6,6,6,5.94e-05,3.66e-05,6
k/p/1/1/1/P/K,-7,10,10,0.0001963,0.0001409,30
k/p/1/1/1/1/P/K,-10,18,17,0.0011499,0.0005264,258
k/p/1/1/1/1/1/P/K,-11,26,25,0.0327931,0.0047955,3864
k/p/1/1/1/1/1/1/P/K,-14,38,37,0.664595,0.0208186,104404
k/p/1/1/1/1/1/1/1/P/K,-15,54,49,70.1303,0.211876,5212440
