FEN,Evaluation,MinMaxAlphaBeta Depth Limit,MinMaxAlphaBeta Time,MinMaxAlphaBeta Nodes,MinMaxSimple Depth Limit,MinMaxSimple Time,Total Nodes
k/p/P/K,0,0,0.000023,1,0,0.000005,1,
k/p/1/P/K,-1,1,0.000157,2,1,0.000019,2,
k/p/1/1/P/K,-6,6,0.000220,6,6,0.000061,6,
k/p/1/1/1/P/K,-7,10,0.000679,22,10,0.000698,30,
k/p/1/1/1/1/P/K,-10,17,0.001997,116,18,0.001084,258,
k/p/1/1/1/1/1/P/K,-11,25,0.006678,549,26,0.035040,3864,
k/p/1/1/1/1/1/1/P/K,-14,37,0.050320,3767,38,0.462397,104404,
k/p/1/1/1/1/1/1/1/P/K,-15,49,0.170489,26596,54,19.692074,5212440,
